Only_A,Both,Only_B
G22898A,C241T,C193T
A23013C,T670G,G336A
A23040G,C832T,C635T
T23075C,C3037T,C657T
C27807T,G4184A,G944A
C29311T,C4321T,G1043A
,C9534T,T1195C
,C10029T,C2037T
,G10447A,G2281T
,C10449A,C2592T
,C11235T,C5907T
,C12880T,G6476T
,C14408T,T6856C
,C15714T,C7173T
,A18163G,C9886T
,C21762T,A10323G
,C21846T,C10747T
,G22578A,C11620T
,C22674T,A12095C
,T22679C,T13375C
,C22686T,C14293T
,G22775A,C14649T
,G22813T,T15047C
,T22882G,C19707T
,G22992A,C21588T
,C22995A,C21595T
,A23055G,G21624C
,A23063T,C21639T
,A23403G,T21864C
,C23525T,T22032C
,T23599G,T22054A
,C23604A,C22077T
,C23854A,A22122C
,G23948T,C22313T
,A24424T,A22538G
,T24469A,G22577T
,C26060T,C22591T
,C26270T,G22604C
,C26577G,A22629C
,G26709A,G22770A
,C26858T,A22786T
,A27259C,G22865T
,A28271T,A22881G
,C28311T,T22896C
,G28881A,G22899A
,G28882A,C22916T
,G28883C,T22917G
,A29510C,T22942G
,,A22996C
,,G23012A
,,G23048A
,,G23149T
,,G23224T
,,G23285T
,,G23311T
,,A23436G
,,T23485A
,,T23487G
,,G23522A
,,A23598G
,,C23625A
,,C23673T
,,A23946C
,,G24116A
,,C24117A
,,C24378T
,,C25114A
,,T25129C
,,G25234A
,,C25413A
,,G25699T
,,C25803T
,,A26275G
,,C26645T
,,G26718T
,,A26771T
,,C27131T
,,A28996T
